Date,BP,Exxon,Shell,Chevron,SP 500
1/2/2019,38.59,69.69,25.96,110.69,2510.03
1/3/2019,38.81,68.62,25.93,108.57,2447.89
1/4/2019,40.03,71.15,26.42,110.82,2531.94
1/7/2019,40.16,71.52,26.37,112.26,2549.69
1/8/2019,40.03,72.04,26.33,111.77,2574.41
1/9/2019,40.36,72.42,26.3,113.27,2584.96
1/10/2019,40.7,72.05,26.51,113.45,2596.64
1/11/2019,40.24,71.72,26.41,112.54,2596.26
1/14/2019,40.42,71.63,26.33,111.72,2582.61
1/15/2019,40.24,71.67,26.51,112.12,2610.3
1/16/2019,40.12,71.64,26.32,111.4,2616.1
1/17/2019,40.13,72.13,26.19,111.96,2635.96
1/18/2019,40.76,72.99,26.83,114.37,2670.71
1/22/2019,40.08,71.89,26.91,112.34,2632.9
1/23/2019,40.12,71.3,26.36,111.39,2638.7
1/24/2019,40.11,71.4,25.93,113.51,2642.33
1/25/2019,40.11,71.72,26.06,113.22,2664.76
1/28/2019,39.57,71.24,26.01,112.17,2643.85
1/29/2019,40.2,71.51,25.49,111.83,2640
1/30/2019,40.67,72.29,25.77,113.01,2681.05
1/31/2019,41.12,73.28,26.05,114.65,2704.1
2/1/2019,41.34,75.92,27.08,118.37,2706.53
2/4/2019,41.39,74.82,27.2,119.74,2724.87
2/5/2019,42.82,75.59,27.58,119.48,2737.7
2/6/2019,43.04,75.26,27.91,118.88,2731.61
2/7/2019,42.7,74.68,27.96,118.23,2706.05
2/8/2019,42.49,73.98,27.66,117.58,2707.88
2/11/2019,42.21,74.1,27.57,116.95,2709.8
2/12/2019,42.42,75.4,27.66,118.72,2744.73
2/13/2019,42.64,76.25,27.8,119.57,2753.03
2/14/2019,41.87,76.27,27.96,118.16,2745.73
2/15/2019,42.29,77.71,27.53,119.35,2775.6
2/19/2019,42.38,78.23,27.64,119.31,2779.76
2/20/2019,42.48,78.53,27.62,120.28,2784.7
2/21/2019,42.29,77.82,27.73,119.14,2774.88
2/22/2019,42.46,78.42,27.91,119.39,2792.67
2/25/2019,42.51,78.5,27.75,119.62,2796.11
2/26/2019,42.52,78.66,27.65,119.94,2793.9
2/27/2019,42.84,79.47,27.51,120.08,2792.38
2/28/2019,42.65,79.03,27.7,119.58,2784.49
3/1/2019,42.58,80,27.67,122.03,2803.69
3/4/2019,42.64,80.31,27.43,122.12,2792.81
3/5/2019,42.74,80.19,27.34,123.29,2789.65
3/6/2019,42.7,79.28,27.39,123.53,2771.45
3/7/2019,42.63,80.16,27.56,121.94,2748.93
3/8/2019,42.25,79.01,27.58,121.62,2743.07
3/11/2019,42.33,79.78,27.55,123.62,2783.3
3/12/2019,42.46,80,26.98,123.9,2791.52
3/13/2019,43.83,80.71,27.27,124.67,2810.92
3/14/2019,43.95,80.44,27.21,124.6,2808.48
3/15/2019,43.87,80.15,27.63,125.31,2822.48
3/18/2019,44.24,81.08,27.92,125.88,2832.94
3/19/2019,44.47,80.87,27.97,125.28,2832.57
3/20/2019,44.53,81.32,28.24,124.69,2824.23
3/21/2019,44.53,81.79,28.36,125.86,2854.88
3/22/2019,43.95,80.48,28.18,123.09,2800.71
3/25/2019,43.53,79.92,28.21,122.89,2798.36
3/26/2019,43.82,80.96,27.96,124.13,2818.46
3/27/2019,43.59,80.34,27.76,122.79,2805.37
3/28/2019,43.63,80.74,28,123.02,2815.44
3/29/2019,43.72,80.8,27.88,123.18,2834.4
4/1/2019,44.09,81.73,27.81,124.94,2867.19
4/2/2019,44.23,81.38,27.98,124.93,2867.24
4/3/2019,44.23,80.9,28.26,123.89,2873.4
4/4/2019,44.15,82.05,28.33,124.8,2879.39
4/5/2019,44.53,82.49,28.52,126.42,2892.74
4/8/2019,45.23,83,28.44,126.68,2895.77
4/9/2019,44.99,81.93,28.75,125.54,2878.2
4/10/2019,45.04,81.56,29,125.49,2888.21
4/11/2019,44.87,81.95,28.7,125.99,2888.32
4/12/2019,44.67,80.92,28.95,119.76,2907.41
4/15/2019,44.67,80.65,28.85,120.14,2905.58
4/16/2019,44.48,81.2,28.68,121.17,2907.06
4/17/2019,44.62,81.43,28.63,120.27,2900.45
4/18/2019,44.39,81.13,28.55,119.86,2905.03
4/22/2019,45.04,82.9,28.63,121.9,2907.97
4/23/2019,45.02,83.38,28.56,122.02,2933.68
4/24/2019,44.13,81.76,29.07,118.28,2927.25
4/25/2019,43.96,82.22,28.62,117.9,2926.17
4/26/2019,43.31,80.49,28.66,117.1,2939.88
4/29/2019,43.02,79.97,28.26,117.72,2943.03
4/30/2019,43.73,80.28,28.13,120.06,2945.83
5/1/2019,43.08,78.67,28.48,117.81,2923.73
5/2/2019,42.63,77.29,28.6,116.38,2917.52
5/3/2019,43.08,77.47,28.86,117.27,2945.64
5/6/2019,42.93,77.13,28.6,118.4,2932.47
5/7/2019,42.22,76.72,27.76,118.27,2884.05
5/8/2019,42.28,76.84,28.04,117.5,2879.42
5/9/2019,41.65,76.77,27.98,121.19,2870.72
5/10/2019,41.5,76.56,28.12,121.99,2881.4
5/13/2019,41.23,75.71,28.25,120.44,2811.87
5/14/2019,41.55,75.81,28.71,121.64,2834.41
5/15/2019,41.77,76.37,28.91,122.14,2850.96
5/16/2019,42.28,76.36,28.85,120.8,2876.32
5/17/2019,42.34,75.91,28.92,120.52,2859.53
5/20/2019,42.58,75.9,28.92,120.84,2840.23
5/21/2019,42.75,76.25,29,121.34,2864.36
5/22/2019,42.34,75.56,28.84,120.57,2856.27
5/23/2019,41.34,73.79,28.06,117.87,2822.24
5/24/2019,41.76,74.1,28.18,118.71,2826.06
5/28/2019,41.48,72.61,28.26,118.31,2802.39
5/29/2019,41.27,72.16,28.17,116.77,2783.02
5/30/2019,41.03,71.97,27.86,115.38,2788.86
5/31/2019,40.72,70.77,27.92,113.85,2752.06
6/3/2019,41.04,71.88,27.86,115.99,2744.45
6/4/2019,41.36,73.59,27.87,117.3,2803.27
6/5/2019,41.04,72.98,27.75,117.65,2826.15
6/6/2019,41.61,74.31,27.82,120.68,2843.49
6/7/2019,42.14,74.58,28.12,121.48,2873.34
6/10/2019,42.08,74.91,28.37,122.29,2886.73
6/11/2019,42.34,74.84,28.49,121.17,2885.72
6/12/2019,41.06,74.03,28.6,120.19,2879.84
6/13/2019,41.22,74.68,28.29,120.91,2891.64
6/14/2019,40.91,74.35,28.24,120.81,2886.98
6/17/2019,40.44,75.09,28.27,121.39,2889.67
6/18/2019,41.08,75.74,28.14,122.93,2917.75
6/19/2019,41.09,75.32,28.53,122.89,2926.46
6/20/2019,41.81,76.61,28.66,124.28,2954.18
6/21/2019,42.45,77.69,28.96,124.93,2950.46
6/24/2019,42.18,76.95,28.98,124.91,2945.35
6/25/2019,41.86,76.27,28.88,123.64,2917.38
6/26/2019,42.08,76.6,28.99,123.93,2913.78
6/27/2019,41.62,75.82,29.12,123.11,2924.92
6/28/2019,41.7,76.63,28.79,124.44,2941.76
7/1/2019,42.08,76.56,28.71,124.84,2964.33
7/2/2019,41.86,75.72,29.01,122.93,2973.01
7/3/2019,41.36,76.44,28.92,123.35,2995.82
7/5/2019,41.03,76.13,28.73,123.54,2990.41
7/8/2019,41.08,76.48,28.84,123.6,2975.95
7/9/2019,40.95,76.43,28.83,123.35,2979.63
7/10/2019,41.22,77.51,28.76,125.44,2993.07
7/11/2019,41.28,77.57,28.8,125.43,2999.91
7/12/2019,41.21,77.63,28.9,125.98,3013.77
7/15/2019,40.69,77.08,29,125.72,3014.3
7/16/2019,40.21,75.93,28.9,124.76,3004.04
7/17/2019,39.28,75.48,28.82,124.14,2984.42
7/18/2019,38.84,74.84,28.66,124.68,2995.11
7/19/2019,39.23,74.99,28.28,125.04,2976.61
7/22/2019,39.35,75.07,28.07,125.31,2985.03
7/23/2019,39.47,75.37,28.27,125.82,3005.47
7/24/2019,39.14,75.36,28.45,126.54,3019.56
7/25/2019,38.99,74.93,28.62,125.63,3003.67
7/26/2019,38.98,74.81,28.52,123.72,3025.86
7/29/2019,39.09,75.34,28.39,124.23,3020.97
7/30/2019,39.99,75.35,28.38,124.34,3013.18
7/31/2019,39.74,74.36,28.54,123.11,2980.38
8/1/2019,39,72.46,28.5,120.74,2953.56
8/2/2019,38.48,71.75,28.48,120.73,2932.05
8/5/2019,37.66,70.28,27.08,118.74,2844.74
8/6/2019,37.61,70.96,26.28,119.38,2881.77
8/7/2019,37.55,70.5,25.68,119.1,2883.98
8/8/2019,37.18,72.38,25.41,123.23,2938.09
8/9/2019,36.81,70.84,25.29,122.42,2918.65
8/12/2019,36.65,69.63,25.8,121.55,2883.09
8/13/2019,37.2,70.49,25.57,122.39,2926.32
8/14/2019,36.26,67.65,25.57,117.74,2840.6
8/15/2019,36.05,67.25,25.82,116.95,2847.6
8/16/2019,36.29,68.3,25.39,115.81,2888.68
8/19/2019,36.85,69.45,24.83,117.31,2923.65
8/20/2019,36.45,69.03,24.89,116.13,2900.51
8/21/2019,36.75,69.72,25.34,117.88,2924.43
8/22/2019,36.52,69.57,25.11,117.73,2922.95
8/23/2019,36.21,67.49,25.37,115.18,2847.11
8/26/2019,36.3,67.85,25.29,115.74,2878.38
8/27/2019,36.6,67.19,25.03,115.83,2869.16
8/28/2019,36.83,67.68,25.02,116.83,2887.94
8/29/2019,36.95,68.43,24.93,117.52,2924.58
8/30/2019,36.95,68.48,25.16,117.72,2926.46
9/3/2019,36.95,68.56,25.32,116.27,2906.27
9/4/2019,37.31,69.29,25.23,117.25,2937.78
9/5/2019,37.37,70.27,25.28,117.64,2976
9/6/2019,37.45,70.93,25.11,118.26,2978.71
9/9/2019,37.5,71.49,25.33,119.39,2978.43
9/10/2019,37.84,72.07,25.51,121.85,2979.39
9/11/2019,37.8,71.93,25.15,121.28,3000.93
9/12/2019,37.67,71.98,25.42,121.42,3009.57
9/13/2019,37.87,72.64,26.02,121.5,3007.39
9/16/2019,39.35,73.73,25.85,124.12,2997.96
9/17/2019,38.54,73.17,25.57,123.89,3005.7
9/18/2019,38.59,72.82,25.68,124.18,3006.73
9/19/2019,38.69,72.33,26.33,123.66,3006.79
9/20/2019,38.99,72.08,26.35,124.32,2992.07
9/23/2019,38.76,72.13,26.38,124.9,2991.78
9/24/2019,38.13,71.14,26.46,123.74,2966.6
9/25/2019,38.17,71.35,26.63,123.51,2984.87
9/26/2019,38.25,70.97,26.62,120.16,2977.62
9/27/2019,38.26,71.48,26.41,118.6,2961.79
9/30/2019,37.99,70.61,26.4,118.6,2976.74
10/1/2019,37.7,68.95,26.69,116.01,2940.25
10/2/2019,36.59,67.15,27.07,112.29,2887.61
10/3/2019,36.37,67.98,26.9,113.15,2910.63
10/4/2019,36.96,68.97,26.78,113.85,2952.01
10/7/2019,36.95,68.02,25.9,113.26,2938.79
10/8/2019,36.85,66.7,25.82,111.71,2893.06
10/9/2019,37.17,67.44,25.99,113.14,2919.4
10/10/2019,37.16,68.25,26.22,114.59,2938.13
10/11/2019,37.46,68.98,25.89,116.15,2970.27
10/14/2019,37.42,69.18,25.82,116.18,2966.15
10/15/2019,37.36,69.42,25.97,116.31,2995.68
10/16/2019,37.21,68.23,26.29,115.11,2989.69
10/17/2019,37.76,68.14,26.16,115.35,2997.95
10/18/2019,37.48,67.61,26.18,114.74,2986.2
10/21/2019,38.27,68.74,26.09,116.61,3006.72
10/22/2019,38.51,69.09,26.13,117.8,2995.99
10/23/2019,39.06,69.75,25.92,117.98,3004.52
10/24/2019,39.21,69.09,26.09,117.58,3010.29
10/25/2019,39.35,69.25,26.49,118.67,3022.55
10/28/2019,39.24,68.64,26.68,118.48,3039.42
10/29/2019,37.93,68.44,26.84,118.13,3036.89
10/30/2019,38.46,67.72,26.9,116.36,3046.77
10/31/2019,37.91,67.57,27,116.14,3037.56
11/1/2019,38.7,69.6,27.02,116.21,3066.91
11/4/2019,39.36,71.67,26.94,121.57,3078.27
11/5/2019,39.83,73.09,26.04,121.94,3074.62
11/6/2019,39.4,71.49,26.26,119.9,3076.78
11/7/2019,39.32,73.01,26.76,121.89,3085.18
11/8/2019,39.19,70.77,27.09,120.93,3093.08
11/11/2019,39.15,70.34,27.21,120.81,3087.01
11/12/2019,39.13,69.37,27.24,120.96,3091.84
11/13/2019,39.21,68.8,27.22,122.28,3094.04
11/14/2019,38.98,68.5,27.2,121.96,3096.63
11/15/2019,39.21,69.19,27.36,120.64,3120.46
11/18/2019,39.06,68.52,27.37,118.55,3122.03
11/19/2019,38.65,67.82,26.89,116.45,3120.18
11/20/2019,38.51,68.03,26.98,117.34,3108.46
11/21/2019,38.59,69.67,26.86,118.77,3103.54
11/22/2019,38.55,69.37,26.75,118.63,3110.29
11/25/2019,38.63,68.91,26.55,118.38,3133.64
11/26/2019,38.12,68.74,26.4,117.79,3140.52
11/27/2019,37.76,68.7,26.54,118.07,3153.63
11/29/2019,37.42,68.13,26.67,117.13,3140.98
12/2/2019,37.31,68.42,26.36,116.8,3113.87
12/3/2019,36.82,67.88,26.26,115.89,3093.2
12/4/2019,37.06,68.65,26.28,116.94,3112.76
12/5/2019,36.65,68.41,26,116.33,3117.43
12/6/2019,37.09,69.51,25.87,118.01,3145.91
12/9/2019,37.1,69.66,25.41,117.3,3135.96
12/10/2019,37.01,69.06,25.63,117.89,3132.52
12/11/2019,36.56,68.96,25.51,116.23,3141.63
12/12/2019,36.96,70.34,25.96,118.81,3168.57
12/13/2019,36.94,69.23,25.95,117.96,3168.8
12/16/2019,37.44,70,25.91,119.36,3191.45
12/17/2019,37.59,69.68,25.86,118.6,3192.52
12/18/2019,37.65,69.87,25.95,118.55,3191.14
12/19/2019,37.65,69.39,25.91,118.13,3205.37
12/20/2019,37.85,69.94,26.1,119.68,3221.22
12/23/2019,38.11,70.29,26.3,120.33,3224.01
12/24/2019,38.04,70.02,26.38,120.34,3223.38
12/26/2019,37.98,70.13,26.54,120.6,3239.91
12/27/2019,37.86,69.89,26.3,120.3,3240.02
12/30/2019,37.6,69.48,26.38,119.85,3221.29
12/31/2019,37.74,69.78,26.5,120.51,3230.78
1/2/2020,38.14,70.9,26.55,121.43,3257.85
1/3/2020,38.83,70.33,26.3,121.01,3234.85
1/6/2020,39.85,70.87,26.17,120.6,3246.28
1/7/2020,39.43,70.29,26.55,119.06,3237.18
1/8/2020,38.83,69.23,26.93,117.7,3253.05
1/9/2020,38.96,69.76,27.15,117.51,3274.7
1/10/2020,38.74,69.14,26.98,116.44,3265.35
1/13/2020,38.8,69.8,26.83,116.66,3288.13
1/14/2020,38.82,69.2,26.64,116.3,3283.15
1/15/2020,38.71,69.09,26.62,116.13,3289.29
1/16/2020,38.84,68.82,26.49,116.89,3316.81
1/17/2020,38.77,68.56,26.45,115.58,3329.62
1/21/2020,38.32,67.58,26.43,113.31,3320.79
1/22/2020,37.88,67.19,26.49,112.9,3321.75
1/23/2020,38.2,66.77,26.41,113.1,3325.54
1/24/2020,38.13,66.32,26.35,111.85,3295.47
1/27/2020,37.44,64.74,26,110.39,3243.63
1/28/2020,37.41,64.65,25.94,111.12,3276.24
1/29/2020,37.17,64.11,25.81,110.37,3273.4
1/30/2020,37.03,64.79,25.91,111.4,3283.66
1/31/2020,36.13,62.12,25.44,107.14,3225.52
2/3/2020,35.23,60.73,25.42,106.28,3248.92
2/4/2020,36.5,59.97,25.26,106.85,3297.59
2/5/2020,37.67,62.73,24.23,110.28,3334.69
2/6/2020,36.88,61.88,23.75,109.49,3345.78
2/7/2020,36.37,61.47,23.15,108.94,3327.71
2/10/2020,36.19,59.96,23.61,109.79,3352.09
2/11/2020,36.55,60.53,24,111.21,3357.75
2/12/2020,37.17,61.27,23.79,112.04,3379.45
2/13/2020,36.18,60.93,23.68,111.66,3373.94
2/14/2020,36,60.65,23.48,110.08,3380.16
2/18/2020,36.09,59.88,23.64,110.24,3370.29
2/19/2020,36.25,60.34,24.01,110.74,3386.15
2/20/2020,35.98,59.86,23.53,109.81,3373.23
2/21/2020,35.36,59.13,23.28,109.01,3337.75
2/24/2020,34.06,56.36,23.39,104.71,3225.89
2/25/2020,32.93,54.2,23.21,100.71,3128.21
2/26/2020,32.68,53.01,23.3,98.04,3116.39
2/27/2020,31.53,49.82,23.18,94.13,2978.76
2/28/2020,31.29,51.44,22.74,93.34,2954.22
3/2/2020,32.23,53.88,21.86,96.59,3090.23
3/3/2020,31.92,51.3,21.47,94.39,3003.37
3/4/2020,33.14,52.42,21.31,98.53,3130.12
3/5/2020,32.6,50.11,20.48,97.19,3023.94
3/6/2020,31.25,47.69,19.41,95.32,2972.37
3/9/2020,25.28,41.86,19.81,80.67,2746.56
3/10/2020,26.79,43.41,19.93,84.98,2882.23
3/11/2020,24.66,41.98,20.13,83.03,2741.38
3/12/2020,21.57,37.18,19.67,76.26,2480.64
3/13/2020,22.17,38.12,18.51,83.42,2711.02
3/16/2020,18.84,34.49,15.27,69.7,2386.13
3/17/2020,18.84,36.81,15.8,70.69,2529.19
3/18/2020,16.11,33.12,15.43,55.05,2398.1
3/19/2020,17,34.43,12.97,57.39,2409.39
3/20/2020,17.39,32.74,12.8,59.39,2304.92
3/23/2020,18.19,31.45,11.74,54.22,2237.4
3/24/2020,22.12,35.44,12.03,66.55,2447.33
3/25/2020,24.29,37.29,10.68,69.27,2475.56
3/26/2020,24.42,38.82,11.29,76.38,2630.07
3/27/2020,22.35,36.95,11.85,68.78,2541.47
3/30/2020,23.92,37.5,12.23,71.95,2626.65
3/31/2020,24.39,37.97,14.98,72.46,2584.59
4/1/2020,24.37,37.53,16.08,68.56,2470.5
4/2/2020,26.03,40.4,15.79,76.12,2526.9
4/3/2020,24.72,39.21,14.58,75.11,2488.65
4/6/2020,25.05,40.47,15.15,80.39,2663.68
4/7/2020,24.8,41.24,16.3,80.92,2659.41
4/8/2020,25.39,43.85,16.36,85.98,2749.98
4/9/2020,24.9,43.13,17.83,84.31,2789.82
4/13/2020,24.91,42.76,16.9,84.91,2761.63
4/14/2020,24.44,42.43,17.02,84.61,2846.06
4/15/2020,22.84,40.48,17.57,82.49,2783.36
4/16/2020,21.85,39.15,17.25,79.99,2799.55
4/17/2020,23.43,43.22,17.44,87.17,2874.56
4/20/2020,22.35,41.18,16.9,83.57,2823.16
4/21/2020,21.64,40.96,15.65,81.64,2736.56
4/22/2020,23.33,42.13,15.11,84.44,2799.31
4/23/2020,23.38,43.45,15.93,86.8,2797.8
4/24/2020,23.39,43.73,15.8,87.01,2836.74
4/27/2020,24.31,43.94,15.05,89.71,2878.48
4/28/2020,24.16,44.97,15.98,89.91,2863.39
4/29/2020,25.43,47.46,16.52,94.62,2939.51
4/30/2020,23.8,46.47,15.98,92,2912.43
5/1/2020,22.83,43.14,16.25,89.44,2830.71
5/4/2020,23.25,44.88,16.67,91.44,2842.74
5/5/2020,23.87,44.83,17.28,92.89,2868.44
5/6/2020,23.58,43.99,15.48,90.05,2848.42
5/7/2020,24.06,44.24,14.64,92.64,2881.19
5/8/2020,24.03,46.18,15.59,95.47,2929.8
5/11/2020,23.5,45.74,14.92,93.37,2930.32
5/12/2020,23.06,44.12,15.3,91.1,2870.12
5/13/2020,22.23,41.93,15.47,88.7,2820
5/14/2020,22.14,42.3,15.24,90.05,2852.5
5/15/2020,21.82,42,15.08,89.16,2863.7
5/18/2020,23.51,45.34,14.37,92.55,2953.91
5/19/2020,22.91,43.94,13.8,89.62,2922.94
5/20/2020,23.62,45.37,14,93,2971.61
5/21/2020,23.38,44.56,15.12,92.04,2948.51
5/22/2020,22.98,44.6,14.89,90.28,2955.45
5/26/2020,23.26,45.91,15.21,93.3,2991.77
5/27/2020,23.93,46.24,14.78,93.9,3036.13
5/28/2020,23.26,45.04,14.68,90.87,3029.73
5/29/2020,23.14,45.47,15,91.7,3044.31
6/1/2020,23.84,46.28,14.91,92.79,3055.73
6/2/2020,24.95,47.31,14.98,94.69,3080.82
6/3/2020,25.9,49.24,14.9,97.18,3122.87
6/4/2020,25.69,49.1,14.18,96.28,3112.35
6/5/2020,27.71,53.08,14.68,100.81,3193.93
6/8/2020,28.38,54.74,15.19,103.24,3232.39
6/9/2020,27.34,53.52,15.82,101.53,3207.18
6/10/2020,26.38,50.65,15.65,97.58,3190.14
6/11/2020,24.07,46.18,16.82,89.37,3002.1
6/12/2020,24.75,47.17,17.13,92.39,3041.31
6/15/2020,24.36,47.14,16.35,91.23,3066.59
6/16/2020,24.55,48.2,16.07,94.03,3124.74
6/17/2020,23.7,46.63,14.96,91.54,3113.49
6/18/2020,23.69,46.92,15.22,91.94,3115.34
6/19/2020,23.67,45.98,15.08,90.63,3097.74
6/22/2020,23.87,46.42,15.62,91.59,3117.86
6/23/2020,24.17,46.7,15.45,91.44,3131.29
6/24/2020,23.14,44.5,15.31,87.64,3050.33
6/25/2020,23.5,45.17,15.42,89.21,3083.76
6/26/2020,22.76,43.62,15.22,86.46,3009.05
6/29/2020,23.48,44.32,15.6,87.67,3053.24
6/30/2020,23.32,44.72,14.81,89.23,3100.29
7/1/2020,23.21,43.71,14.92,87.62,3115.86
7/2/2020,23.41,44.08,14.73,88.31,3130.01
7/6/2020,23.64,44.39,14.86,88.57,3179.72
7/7/2020,23.02,43.24,14.4,86.31,3145.32
7/8/2020,23.16,43.14,14.67,86.35,3169.94
7/9/2020,22.05,41.36,14.77,82.74,3152.05
7/10/2020,22.46,42.65,14.62,85.23,3185.04
7/13/2020,22.46,42.66,14.81,85.4,3155.22
7/14/2020,23.28,44.07,14.65,88.35,3197.52
7/15/2020,23.81,44.63,14.42,88.89,3226.56
7/16/2020,23.72,44.28,13.94,88.36,3215.57
7/17/2020,23.25,43.52,14.13,87.19,3224.73
7/20/2020,22.94,42.5,14.41,85.27,3251.84
7/21/2020,24.09,44.65,14.63,91.39,3257.3
7/22/2020,23.45,43.61,14.85,91.04,3276.02
7/23/2020,23.22,43.7,14.78,91.01,3235.66
7/24/2020,22.93,43.43,14.51,90.13,3215.63
7/27/2020,23.14,44.07,14.28,91.04,3239.41
7/28/2020,22.82,43.55,14.73,89.11,3218.44
7/29/2020,23.22,44.03,14.06,90.07,3258.44
7/30/2020,22.44,41.87,13.97,86.27,3246.22
7/31/2020,22.04,42.08,13.86,83.94,3271.12
8/3/2020,22.09,42.25,13.68,84.81,3294.61
8/4/2020,23.74,43.47,13.76,86.49,3306.51
8/5/2020,23.95,43.85,13.71,87.2,3327.77
8/6/2020,23.26,43.64,13.01,87.47,3349.16
8/7/2020,22.98,43.44,12.69,86.8,3351.28
8/10/2020,23.5,44.51,12.89,89.73,3360.47
8/11/2020,23.81,44.97,13.31,89.62,3333.69
8/12/2020,24.26,44.09,13.44,90.72,3380.35
8/13/2020,23.45,43.01,13.21,89.82,3373.43
8/14/2020,22.99,43.2,12.99,90.35,3372.85
8/17/2020,22.75,42.64,13.28,90.77,3381.99
8/18/2020,22.36,42.43,13.77,87.63,3389.78
8/19/2020,22.24,41.96,14.01,86.39,3374.85
8/20/2020,21.96,41.32,13.49,84.81,3385.51
8/21/2020,21.46,41.01,13.17,85.08,3397.16
8/24/2020,21.91,42.22,13.02,87.2,3431.28
8/25/2020,21.62,40.88,12.93,86.13,3443.62
8/26/2020,21.38,40.01,13,84.78,3478.73
8/27/2020,21.14,39.74,12.68,84.91,3484.55
8/28/2020,21.38,40.69,12.59,85.63,3508.01
8/31/2020,20.93,39.94,13.07,83.93,3500.31
9/1/2020,20.77,39.43,12.72,83.08,3526.65
9/2/2020,20.57,39.19,12.7,83.19,3580.84
9/3/2020,20.61,39.11,12.62,82.28,3455.06
9/4/2020,20.54,39.08,12.61,81.93,3426.96
9/8/2020,20.15,38.18,12.48,78.97,3331.84
9/9/2020,20.32,37.95,12.35,80.03,3398.96
9/10/2020,19.91,37,12.26,78.15,3339.19
9/11/2020,20.06,36.9,12.32,77.69,3340.97
9/14/2020,19.84,36.66,12.26,77.29,3383.54
9/15/2020,19.66,36.27,12.47,76.35,3401.2
9/16/2020,19.96,37.81,11.95,78.56,3385.49
9/17/2020,19.56,37.8,12.15,78.79,3357.01
9/18/2020,18.88,37.19,12,78.21,3319.47
9/21/2020,18.32,36.43,11.89,76.3,3281.06
9/22/2020,18.48,35.53,11.73,75.53,3315.57
9/23/2020,17.97,34.39,11.9,71.95,3236.92
9/24/2020,17.93,34.32,11.92,71.8,3246.59
9/25/2020,17.86,34.64,11.69,71.83,3298.46
9/28/2020,18.18,35.31,11.45,73.93,3351.6
9/29/2020,17.67,34.28,11.09,71.9,3335.47
9/30/2020,17.46,34.33,11.39,72,3363
10/1/2020,16.83,33.13,11.39,70.42,3380.8
10/2/2020,16.85,32.98,11.22,71.19,3348.44
10/5/2020,17.19,33.74,11.13,72.7,3408.63
10/6/2020,16.93,33.39,11.22,72.3,3360.95
10/7/2020,17.03,33.5,10.92,73.78,3419.45
10/8/2020,17.49,35.26,10.78,75.22,3446.83
10/9/2020,17.36,34.74,10.35,74,3477.13
10/12/2020,17.24,34.63,10.46,74.51,3534.22
10/13/2020,16.68,34.22,10.7,73.4,3511.93
10/14/2020,16.59,34.15,10.98,72.95,3488.67
10/15/2020,16.44,34.45,10.81,73.51,3483.34
10/16/2020,16.25,34.1,11.13,72.89,3483.81
10/19/2020,16.03,33.42,11.35,71.28,3426.92
10/20/2020,16.15,33.7,11.13,71.68,3443.12
10/21/2020,15.83,33.16,11,70.87,3435.56
10/22/2020,16.1,34.86,11.12,73.4,3453.49
10/23/2020,16.05,34.16,10.71,72.57,3465.39
10/26/2020,15.8,33.35,10.9,70.94,3400.97
10/27/2020,15.38,32.82,10.87,69.51,3390.68
10/28/2020,14.9,31.57,10.72,66.88,3271.03
10/29/2020,15.26,32.97,10.53,68.8,3310.11
10/30/2020,15.48,32.62,10.64,69.5,3269.96
11/2/2020,16.1,33.99,10.87,72.15,3310.24
11/3/2020,16.18,33.41,10.54,71.74,3369.16
11/4/2020,16.13,33.23,10.3,71.77,3443.44
11/5/2020,15.83,33.17,10.07,72.14,3510.45
11/6/2020,15.64,32.78,10.48,71.15,3509.44
11/9/2020,18.08,36.93,10.88,79.4,3550.5
11/10/2020,19.1,36.86,11.41,83.07,3545.53
11/11/2020,18.88,36.48,11.58,82.46,3572.66
11/12/2020,18.28,35.23,11.59,80.67,3537.01
11/13/2020,18.8,36.08,11.34,83.03,3585.15
11/16/2020,19.76,38.16,11.34,88.96,3626.91
11/17/2020,20.05,38.67,12.79,87.04,3609.53
11/18/2020,19.56,37.21,13.37,84.28,3567.79
11/19/2020,19.53,37.4,13.51,85.73,3581.87
11/20/2020,19.49,36.94,13.24,85.79,3557.54
11/23/2020,20.41,39.36,13.15,91.03,3577.59
11/24/2020,21.86,41.98,13.99,95.62,3635.41
11/25/2020,21.41,40.81,14.13,92.14,3629.65
11/27/2020,21.1,40.19,14.26,91.31,3638.35
11/30/2020,19.56,38.13,13.82,87.18,3621.63
12/1/2020,20.24,38.5,14.1,87.45,3662.45
12/2/2020,21.07,39.94,14.75,89.87,3669.01
12/3/2020,21.36,40.21,15.61,89.8,3666.72
12/4/2020,22.27,41.68,15.29,93.28,3699.12
12/7/2020,21.68,40.9,15.14,90.76,3691.96
12/8/2020,21.79,42.24,15.12,91.54,3702.25
12/9/2020,21.9,42.8,14.39,90.44,3672.82
12/10/2020,22.41,44.01,14.73,93.35,3668.1
12/11/2020,22.03,43.8,15.13,92.45,3663.46
12/14/2020,21.36,42.22,15.26,89.44,3647.49
12/15/2020,21.94,43.04,15.78,89.37,3694.62
12/16/2020,21.83,43.7,15.59,88.69,3701.17
12/17/2020,21.9,43.48,15.53,88.41,3722.48
12/18/2020,21.74,42.73,15.51,87.19,3709.41
12/21/2020,20.68,41.95,15.94,86.09,3694.92
12/22/2020,20.48,41.24,15.41,84.36,3687.26
12/23/2020,21.21,41.77,15.1,85.69,3690.01
12/24/2020,21.06,41.6,15.28,85.33,3703.06
12/28/2020,20.99,41.74,15.6,84.9,3735.36
12/29/2020,21.07,41.27,15.6,84.61,3727.04
12/30/2020,21.03,41.6,15.39,85.33,3732.04
12/31/2020,20.52,41.22,14.48,84.45,3756.07
1/4/2021,20.83,41.5,14.51,84.71,3700.65
1/5/2021,22.38,43.5,14.93,87,3726.86
1/6/2021,23.41,44.61,14.88,89.8,3748.14
1/7/2021,23.91,44.96,14.84,90.22,3803.79
1/8/2021,24.4,45.46,14.81,91.08,3824.68
1/11/2021,24.38,46.84,14.74,91.6,3799.61
1/12/2021,25.01,47.88,14.61,93.34,3801.19
1/13/2021,24.78,48.42,14.56,93.25,3809.84
1/14/2021,25.47,50.31,15.61,95.49,3795.54
1/15/2021,24.26,47.89,16.47,92.09,3768.25
1/19/2021,24.65,48.84,16.46,94.51,3798.91
1/20/2021,24.81,49.53,16.41,95.38,3851.85
1/21/2021,24.02,48.11,16.38,92.01,3853.07
1/22/2021,23.87,47.43,16.84,91.73,3841.47
1/25/2021,23.07,46.9,16.7,90.9,3855.36
1/26/2021,23.03,45.87,17.08,89.36,3849.62
1/27/2021,22.73,45.35,16.79,88.2,3750.77
1/28/2021,22.86,46.06,16.65,89.02,3787.38
1/29/2021,22.22,44.84,16.67,85.2,3714.24
2/1/2021,22.21,44.92,16.8,86.41,3773.86
2/2/2021,20.75,45.63,16.4,87.06,3826.31
2/3/2021,21.27,47.42,16.09,88.96,3830.17
2/4/2021,20.99,48.33,15.7,89,3871.74
2/5/2021,20.81,49.95,15.88,89.26,3886.83
2/8/2021,22.03,52.1,15.95,91.48,3915.59
2/9/2021,21.73,50.63,15.62,90.96,3911.23
2/10/2021,21.58,51.12,15.32,92.52,3909.88
2/11/2021,21.37,49.84,15.08,92.02,3916.38
2/12/2021,21.91,50.52,15.12,92.55,3934.83
2/16/2021,23.18,52.04,15.35,93.13,3932.59
2/17/2021,23.58,52.85,15.11,95.92,3931.33
2/18/2021,22.46,52.02,15.56,95,3913.97
2/19/2021,22.87,52.37,15.8,95.8,3906.71
2/22/2021,23.63,54.3,15.73,98.39,3876.5
2/23/2021,24.23,55.05,15.77,99.63,3881.37
2/24/2021,25.3,56.7,15.38,103.31,3925.43
2/25/2021,25.59,55.76,15.7,102.35,3829.34
2/26/2021,24.41,54.37,16.63,100,3811.15
3/1/2021,24.58,56.4,16.58,102.05,3901.82
3/2/2021,24.77,56.07,16.7,102.44,3870.29
3/3/2021,25.58,56.52,16.23,103.59,3819.72
3/4/2021,26.03,58.71,16.31,104.5,3768.47
3/5/2021,26.77,60.93,16.71,109,3841.94
3/8/2021,26.54,60.87,16.79,109.75,3821.35
3/9/2021,26.11,59.93,17.39,109.5,3875.44
3/10/2021,26.65,61.77,17.48,111.37,3898.81
3/11/2021,26.65,61.31,16.9,111.19,3939.34
3/12/2021,26.96,61.97,17.23,111.56,3943.34
3/15/2021,26.49,60.39,17.24,110.25,3968.94
3/16/2021,26.08,59.11,17.46,107.64,3962.71
3/17/2021,26.47,59.37,17.88,108.03,3974.12
3/18/2021,25.41,56.81,18.13,104.12,3915.46
3/19/2021,25.44,56.49,18.2,103.38,3913.1
3/22/2021,25.35,55.91,18.3,102.54,3940.59
3/23/2021,24.06,55.22,18.47,101.97,3910.52
3/24/2021,24.75,56.34,18.51,104.7,3889.14
3/25/2021,24.57,56.18,18.62,105.07,3909.52
3/26/2021,25.23,57.71,18.23,107.48,3974.54
3/29/2021,25.18,57.4,17.98,106.92,3971.09
3/30/2021,24.88,56.69,17.98,105.93,3958.55
3/31/2021,24.35,55.83,17.86,104.79,3972.89
4/1/2021,24.58,57.39,17.67,105.75,4019.87
4/5/2021,24.26,56.5,17.47,104.51,4077.91
4/6/2021,25.1,56.34,16.88,103.58,4073.94
4/7/2021,25.37,56.59,17.15,104.19,4079.95
4/8/2021,24.72,56,16.76,103.02,4097.17
4/9/2021,24.39,55.87,17.12,102.92,4128.8
4/12/2021,24.62,55.5,17.07,101.78,4127.99
4/13/2021,24.62,55.71,17.12,102.24,4141.59
4/14/2021,25.54,57.32,16.8,104.27,4124.66
4/15/2021,25.2,56.98,16.81,103.42,4170.42
4/16/2021,25.18,56.66,16.87,102.96,4185.47
4/19/2021,25.31,56.48,16.87,103.26,4163.26
4/20/2021,24.78,55.29,16.46,101.33,4134.94
4/21/2021,24.96,56,16.33,102.73,4173.42
4/22/2021,24.34,55.27,16.39,100.95,4134.98
4/23/2021,24.52,55.57,16.25,101.55,4180.17
4/26/2021,24.92,55.68,16.78,101.52,4187.62
4/27/2021,24.94,56.41,16.64,102.7,4186.72
4/28/2021,25.64,58.11,16.44,105.22,4183.18
4/29/2021,25.5,58.94,16.39,106.9,4211.47
4/30/2021,25.16,57.24,15.79,103.07,4181.17
5/3/2021,25.69,58.82,15.97,105.53,4192.66
5/4/2021,25.92,59.19,15.86,106.11,4164.66
5/5/2021,26.78,60.97,15.72,108.96,4167.59
5/6/2021,26.5,61.55,15.91,109.02,4201.62
5/7/2021,26.73,62.43,15.77,110.02,4232.6
5/10/2021,26.62,62.58,16.08,109.57,4188.43
5/11/2021,25.97,60.59,15.9,106.7,4152.1
5/12/2021,26.19,60.04,15.84,107.37,4063.04
5/13/2021,25.89,59.3,16,106.68,4112.5
5/14/2021,26.65,60.77,16.13,109.47,4173.85
5/17/2021,27.08,62.19,16.49,110.81,4163.29
5/18/2021,26.86,60.43,16.51,106.18,4127.83
5/19/2021,26.18,58.98,16.61,103.2,4115.68
5/20/2021,26.52,58.84,16.65,103.56,4159.12
5/21/2021,26.52,58.92,16.05,104.12,4155.86
5/24/2021,27.02,59.61,16.65,105.6,4197.05
5/25/2021,26.28,58.26,16.22,103.87,4188.13
5/26/2021,26.31,58.94,16.63,104.12,4195.99
5/27/2021,26.28,58.56,16.73,103.01,4200.88
5/28/2021,26.23,58.37,16.64,103.79,4204.11
6/1/2021,27.02,60.46,16.14,106.65,4202.04
6/2/2021,27.63,60.94,16.19,108.08,4208.12
6/3/2021,27.76,61.18,16.39,107.59,4192.85
6/4/2021,27.44,61.45,16.46,108.45,4229.89
6/7/2021,27.26,61.05,15.99,107.75,4226.52
6/8/2021,27.73,62.13,16.09,108.73,4227.26
6/9/2021,27.59,62.65,15.89,107.78,4219.55
6/10/2021,27.51,62.75,15.83,108.41,4239.18
6/11/2021,27.54,62.17,15.68,107.91,4247.44
6/14/2021,28.04,62.07,16.09,107.97,4255.15
6/15/2021,28.38,64.33,16.46,110.3,4246.59
6/16/2021,27.93,64.1,16.49,109.67,4223.7
6/17/2021,27.18,61.99,16.39,107.07,4221.86
6/18/2021,26.1,60.4,16.35,103.03,4166.45
6/21/2021,26.94,62.59,16.26,106.05,4224.79
6/22/2021,27.15,63.79,16.43,106.4,4246.44
6/23/2021,27.23,64.26,16.58,106.27,4241.84
6/24/2021,27.32,64.52,16.71,107.14,4266.49
6/25/2021,27.32,64.66,17.13,107.3,4280.7
6/28/2021,26.46,63.01,17.38,103.99,4290.61
6/29/2021,26.27,62.62,17.29,103.76,4291.8
6/30/2021,26.42,63.08,17.23,104.74,4297.5
7/1/2021,27.08,63.26,16.67,106.21,4319.94
7/2/2021,26.98,63.17,16.8,106.07,4352.34
7/6/2021,25.97,61.37,17.12,103.99,4343.54
7/7/2021,25.73,60.41,17.36,102.93,4358.13
7/8/2021,25.58,60.14,17.43,102.6,4320.82
7/9/2021,26.01,61.23,17.54,104.07,4369.55
7/12/2021,25.88,61.17,16.94,104.28,4384.63
7/13/2021,25.58,60.88,17,103.93,4369.21
7/14/2021,25.23,59.53,17,101.97,4374.3
7/15/2021,24.65,58.95,17.46,101.3,4360.03
7/16/2021,23.87,57.32,17.32,98.62,4327.16
7/19/2021,23.09,55.35,17.52,95.96,4258.49
7/20/2021,23.11,55.96,17.16,96.53,4323.06
7/21/2021,23.91,57.76,17.06,99.82,4358.69
7/22/2021,23.63,57.11,17.09,98.82,4367.48
7/23/2021,23.54,57.04,17.22,98.86,4411.79
7/26/2021,24.33,58.48,17.16,100.95,4422.3
7/27/2021,24.25,57.83,17.08,100.61,4401.46
7/28/2021,24.4,58.22,17.03,101.18,4400.64
7/29/2021,24.63,58.93,16.66,102.57,4419.15
7/30/2021,24.18,57.57,16.5,101.81,4395.26
8/2/2021,24.08,57.58,15.69,101.63,4387.16
8/3/2021,25.69,58.2,15.75,102.6,4423.15
8/4/2021,25.06,56.84,16.27,100.3,4402.66
8/5/2021,25.34,57.2,16.09,101.23,4429.1
8/6/2021,25.56,57.86,16.13,101.95,4436.52
8/9/2021,25.28,57.2,16.57,100.25,4432.35
8/10/2021,25.88,58.18,16.62,102.08,4436.75
8/11/2021,26.07,58.35,16.71,102.85,4447.7
8/12/2021,25.67,57.35,17.32,102.64,4460.83
8/13/2021,25.22,56.77,17.09,101.96,4468
8/16/2021,24.73,55.94,17.16,100.92,4479.71
8/17/2021,24.77,55.56,17.52,100.73,4448.08
8/18/2021,24.35,54.39,17.35,96.7,4400.27
8/19/2021,23.56,52.73,17.57,94.29,4405.8
8/20/2021,23.64,52.74,17.63,94.3,4441.67
8/23/2021,24.39,54.91,17.49,96.73,4479.53
8/24/2021,24.65,55.36,17.62,97.84,4486.23
8/25/2021,24.63,55.46,17.77,98.51,4496.19
8/26/2021,24.3,54.71,17.44,97.22,4470
8/27/2021,24.94,55.77,17.29,98.64,4509.37
8/30/2021,24.7,55.16,16.9,98.39,4528.79
8/31/2021,24.46,54.52,17.13,96.77,4522.68
9/1/2021,24.31,53.77,17.07,95.71,4524.09
9/2/2021,24.84,55.08,16.33,97.71,4536.95
9/3/2021,24.78,54.87,16.38,97.49,4535.43
9/7/2021,24.59,54.55,16.76,97.06,4520.03
9/8/2021,24.42,54.05,16.85,96.39,4514.07
9/9/2021,24.31,54.09,16.84,96,4493.28
9/10/2021,24.5,53.98,16.83,96.07,4458.58
9/13/2021,25.04,55.37,17.08,97.97,4468.73
9/14/2021,24.65,54.58,17.01,96.2,4443.05
9/15/2021,25.77,56.42,16.82,98.24,4480.7
9/16/2021,25.34,55.82,16.72,97.32,4473.75
9/17/2021,25.24,55.16,17.09,96.76,4432.99
9/20/2021,24.83,53.69,16.84,94.78,4357.73
9/21/2021,25.23,53.64,16.93,94.85,4354.19
9/22/2021,25.65,55.21,16.91,97.64,4395.64
9/23/2021,26.16,57.08,16.82,100.06,4448.98
9/24/2021,26.24,57.59,16.71,100.6,4455.48
9/27/2021,27.08,59.3,16.73,102.97,4443.11
9/28/2021,27.24,59.92,17.14,103.36,4352.63
9/29/2021,27.11,59.88,17.09,103.33,4359.46
9/30/2021,27.33,58.82,17.44,101.45,4307.54
10/1/2021,27.6,60.93,17.3,104.33,4357.04
10/4/2021,28.01,61.72,17.18,104.72,4300.46
10/5/2021,28.42,61.62,16.9,105.86,4345.72
10/6/2021,28.11,60.49,17.47,104.93,4363.55
10/7/2021,28.23,60.66,17.78,105.68,4399.76
10/8/2021,28.87,62.18,17.97,108.05,4391.34
10/11/2021,29.1,61.56,17.99,107.13,4361.19
10/12/2021,29.1,61.24,18.86,107.15,4350.65
10/13/2021,29.19,61.07,19.17,107.79,4363.8
10/14/2021,29.45,62,19.26,108.81,4438.26
10/15/2021,29.93,62.59,19.43,109.61,4471.37
10/18/2021,29.71,62.56,19.43,109.56,4486.46
10/19/2021,29.86,63.5,19.77,111.7,4519.63
10/20/2021,30.13,63.85,20.15,113.16,4536.19
10/21/2021,29.44,62.69,19.59,111.74,4549.78
10/22/2021,29.51,63.12,19.84,112.8,4544.9
10/25/2021,29.71,64.35,20.26,113.85,4566.48
10/26/2021,29.64,65.84,20.56,114.1,4574.79
10/27/2021,29.25,64.13,20.5,112.07,4551.68
10/28/2021,29.22,64.31,20.38,113.12,4596.42
10/29/2021,28.79,64.47,20.66,114.49,4605.38
11/1/2021,29.28,65.63,21.08,114.53,4613.67
11/2/2021,27.94,64.82,21,113.83,4630.65
11/3/2021,27.26,63.93,21.19,113.01,4660.57
11/4/2021,27.31,64.41,21.28,113.51,4680.06
11/5/2021,27.85,65.02,20.94,114.74,4697.53
11/8/2021,28.02,65.72,20.82,115.15,4701.7
11/9/2021,28.2,66.36,21.16,116,4685.25
11/10/2021,27.42,64.19,21.15,114.15,4646.71
11/11/2021,27.41,64.31,20.99,114.16,4649.27
11/12/2021,27.38,63.82,20.31,114.23,4682.85
11/15/2021,27.55,64.37,19.97,116.82,4682.8
11/16/2021,27.67,65.02,19.93,117.28,4700.9
11/17/2021,27.43,64.31,19.61,115.42,4688.67
11/18/2021,27.29,63.61,19.34,114.45,4704.54
11/19/2021,26.23,60.67,19.53,111.91,4697.96
11/22/2021,26.66,61.51,19.79,113.91,4682.94
11/23/2021,27.46,63.13,19.84,116.3,4690.7
11/24/2021,27.65,63.48,19.7,117.19,4701.46
11/26/2021,25.96,61.25,19.76,114.51,4594.62
11/29/2021,26.18,61.59,19.51,114.85,4655.27
11/30/2021,25.96,59.84,19.29,112.87,4567
12/1/2021,25.74,59.79,19.74,112.1,4513.04
12/2/2021,27.06,61.28,20.13,115.14,4577.1
12/3/2021,26.91,60.89,20.13,114.41,4538.43
12/6/2021,27.33,61.58,19.75,116.2,4591.67
12/7/2021,27.54,62.27,19.16,117.92,4686.75
12/8/2021,27.5,62.45,19.24,118.45,4701.21
12/9/2021,27.16,62.61,19.45,118.14,4667.45
12/10/2021,27.41,63.01,19.71,118.34,4712.02
12/13/2021,26.59,61.63,19.61,115.88,4668.97
12/14/2021,26.55,61.54,18.36,116.22,4634.09
12/15/2021,26.62,61.27,18.85,115.56,4709.85
12/16/2021,26.73,61.37,18.58,116.64,4668.67
12/17/2021,26.3,60.03,18.94,113.6,4620.64
12/20/2021,25.65,59.16,19.24,113.65,4568.02
12/21/2021,26.43,60.5,19.36,115.47,4649.23
12/22/2021,26.77,60.99,19.76,116.13,4696.56
12/23/2021,26.97,61.02,19.97,116.41,4725.79
12/27/2021,27.14,61.89,19.77,118.79,4791.19
12/28/2021,27.07,61.69,19.54,118.56,4786.35
12/29/2021,26.99,61.15,19.44,117.95,4793.06
12/30/2021,26.69,60.79,18.96,117.43,4778.73
12/31/2021,26.63,61.19,19.08,117.35,4766.18
1/3/2022,27.37,63.54,18.76,119.26,4796.56
1/4/2022,28.55,65.93,19.17,121.43,4793.54
1/5/2022,28.37,66.75,18.8,122.22,4700.58
1/6/2022,28.81,68.32,18.46,123.26,4696.05
1/7/2022,29.67,68.88,19.04,125.03,4677.03
1/10/2022,29.56,68.47,19.17,125.11,4670.29
1/11/2022,30.54,71.35,19.5,127.97,4713.07
1/12/2022,31.19,71.14,19.44,127.33,4726.35
1/13/2022,31.22,70.63,19.46,126.8,4659.03
1/14/2022,32.04,71.87,19.48,128.96,4662.85
1/18/2022,32.38,73.08,19.35,129.38,4577.11
1/19/2022,32.1,73.11,19.3,128.91,4532.76
1/20/2022,31.36,73.27,19.31,128.45,4482.73
1/21/2022,30.71,72.17,19.68,126.91,4397.94
1/24/2022,29.98,72.79,20.4,127.18,4410.13
1/25/2022,31.4,74.93,20.62,132.59,4356.45
1/26/2022,31.5,74.17,20.58,132.69,4349.93
1/27/2022,31.53,75.12,20.77,135.37,4326.51
1/28/2022,31.07,75.28,20.73,130.61,4431.85
1/31/2022,30.92,75.96,21.1,131.33,4515.55
2/1/2022,31.76,80.83,21.65,134.79,4546.54
2/2/2022,31.96,80.62,21.62,135.41,4589.38
2/3/2022,32.15,79.68,21.77,134.2,4477.44
2/4/2022,32.88,81.41,22.06,135.88,4500.53
2/7/2022,33.34,82.39,22.44,138.55,4483.87
2/8/2022,32.81,80.26,22.45,136.44,4521.54
2/9/2022,32.99,79,22.13,137.79,4587.18
2/10/2022,33.06,78.24,21.62,136.04,4504.08
2/11/2022,33.23,80.21,20.76,138.81,4418.64
2/14/2022,32.45,78.98,21.64,136.67,4401.67
2/15/2022,32.16,77.99,22.9,134.26,4471.07
2/16/2022,32.48,78.35,23.05,134.3,4475.01
2/17/2022,32.29,78.23,22.8,133.61,4380.26
2/18/2022,31.77,77.36,22.57,133.42,4348.87
2/22/2022,31.06,76.46,23.38,132.4,4304.76
2/23/2022,31.13,76.77,23.23,135.55,4225.5
2/24/2022,29.17,75.8,23.32,134.85,4288.7
2/25/2022,30.73,77.84,24.08,140.38,4384.65
2/28/2022,29.21,78.42,24.4,144,4373.94
3/1/2022,28.49,79.17,23.71,149.72,4306.26
3/2/2022,30.11,80.53,24.04,154.14,4386.54
3/3/2022,28.74,81.04,23.95,156.22,4363.49
3/4/2022,28.01,84.09,24.31,158.65,4328.87
3/7/2022,28.5,87.12,23.96,162.04,4201.09
3/8/2022,29.75,87.78,23.61,170.53,4170.7
3/9/2022,29.03,82.79,24.14,166.27,4277.88
3/10/2022,29.03,85.36,23.62,170.82,4259.52
3/11/2022,28.27,84.92,23.44,170.9,4204.31
3/14/2022,27.86,81.88,23.34,166.72,4173.11
3/15/2022,28.05,77.22,23.39,158.28,4262.45
3/16/2022,28.61,76.93,23.23,157.71,4357.86
3/17/2022,29.04,78.98,23.4,160.44,4411.67
3/18/2022,28.74,78.67,23.86,161.73,4463.12
3/21/2022,29.8,82.2,23.57,164.64,4461.18
3/22/2022,29.67,81.84,23.41,164.09,4511.61
3/23/2022,30.76,83.13,24.6,165.86,4456.24
3/24/2022,30.74,83.38,23.34,166.3,4520.16
3/25/2022,31.05,85.2,22.26,169.31,4543.06
3/28/2022,29.93,82.81,23.92,166.35,4575.52
3/29/2022,29.61,82.37,24.49,164.32,4631.6
3/30/2022,30.07,83.78,23.83,165.48,4602.45
3/31/2022,29.4,82.59,23.34,162.83,4530.41
4/1/2022,29.84,83.12,23.4,164.22,4545.86
4/4/2022,29.79,83.16,22.89,164.37,4582.64
4/5/2022,29.7,82.73,23.12,163.36,4525.12
4/6/2022,29.59,83.65,22.68,164.81,4481.15
4/7/2022,29.86,85.05,23.3,167.1,4500.21
4/8/2022,30.47,86.84,23.04,169.93,4488.28
4/11/2022,29.97,83.85,24.15,165.56,4412.53
4/12/2022,30.54,85.6,24.14,169.01,4397.45
4/13/2022,31.21,86.81,25.02,171.67,4446.59
4/14/2022,31.29,87.83,24.94,171.59,4392.59
4/18/2022,31.25,88.55,25.33,173.89,4391.69
4/19/2022,31.41,87.76,24.57,171.83,4462.21
4/20/2022,31.4,87.96,23.92,172.53,4459.45
4/21/2022,30.81,87.03,24.88,164.58,4393.66
4/22/2022,29.88,85.13,24.96,160.95,4271.78
4/25/2022,28.73,82.26,25.17,157.49,4296.12
4/26/2022,28.35,82.29,25.24,156.53,4175.2
4/27/2022,28.6,84.64,25.46,156.24,4183.96
4/28/2022,29.35,87.2,25.55,161.79,4287.5
4/29/2022,28.72,85.25,25.01,156.67,4131.93
5/2/2022,28.86,86.41,25.95,159.75,4155.38
5/3/2022,31.18,88.19,25.58,162.49,4175.48
5/4/2022,31.85,91.7,26.06,167.59,4300.17
5/5/2022,31.22,90.31,26.23,166.26,4146.87
5/6/2022,31.86,91.69,26.5,170.69,4123.34
5/9/2022,29.68,84.46,26.82,159.25,3991.24
5/10/2022,29.89,85.02,26.51,160.78,4001.05
5/11/2022,30.22,86.79,26.71,163.16,3935.18
5/12/2022,29.61,86.3,26.08,164.71,3930.08
5/13/2022,30.49,88.86,24.61,167.87,4023.89
5/16/2022,31.02,90.95,25.14,173.01,4008.01
5/17/2022,31.48,92.11,25.31,174.03,4088.85
5/18/2022,31.11,90.65,25.88,168.06,3923.68
5/19/2022,31.03,91.14,25.87,166.86,3900.79
5/20/2022,31.28,91.86,25.02,167.82,3901.36
5/23/2022,32.11,93.89,26.34,171.72,3973.75
5/24/2022,32.08,94.4,26.34,172.64,3941.48
5/25/2022,32.37,96.3,26.94,175.41,3978.73
5/26/2022,32.67,96.64,26.87,176.59,4057.84
5/27/2022,32.56,97.59,26.03,178.28,4158.24
5/31/2022,32.37,96,26.09,174.66,4132.15
6/1/2022,32.69,97.84,27.09,176.32,4101.23
6/2/2022,32.82,97.67,26.33,176,4176.82
6/3/2022,32.98,99.09,27.04,177.6,4108.54
6/6/2022,33.1,98.84,27.49,176.83,4121.43
6/7/2022,34.19,103.37,27.83,180.2,4160.68
6/8/2022,34.12,104.59,28.02,181.13,4115.77
6/9/2022,33.52,102.33,27.5,177.52,4017.82
6/10/2022,32.46,100.46,27.6,175.4,3900.86
6/13/2022,31.22,95.85,28.09,167.33,3749.63
6/14/2022,30.86,96.1,27.59,167.55,3735.48
6/15/2022,31.02,94.89,27.94,164.26,3789.99
6/16/2022,29.58,91.39,28.2,155.48,3666.77
6/17/2022,27.76,86.12,28.03,148.38,3674.84
6/21/2022,29.12,91.48,27.84,154.59,3764.79
6/22/2022,28.09,87.86,27.95,147.87,3759.89
6/23/2022,27.36,85.21,27.67,142.43,3795.73
6/24/2022,28.23,86.9,27.52,144.77,3911.74
6/27/2022,28.7,89.03,27.7,147.57,3900.11
6/28/2022,29.07,91.5,28.05,149.94,3821.55
6/29/2022,28.77,88.12,28.4,146.98,3818.83
6/30/2022,28.35,85.64,28.5,144.78,3785.38
7/1/2022,28.28,87.55,28.16,146.51,3825.33
7/5/2022,27.15,84.81,27.38,142.66,3831.39
7/6/2022,26.72,83.28,26.66,140.78,3845.08
7/7/2022,27.78,85.94,26.61,143.52,3902.62
7/8/2022,27.84,86.08,26.34,142.77,3899.38
7/11/2022,27.46,85.64,25.18,141.51,3854.43
7/12/2022,26.88,84.5,23.88,138.92,3818.8
7/13/2022,27.01,84.84,24.55,137.99,3801.78
7/14/2022,26.02,83.14,25.01,135.94,3790.38
7/15/2022,26.66,84.54,24.12,137.65,3863.16
7/18/2022,27.33,86.1,23.65,139.58,3830.85
7/19/2022,28.06,88.27,24.32,144.61,3936.69
7/20/2022,28.14,89.24,24.53,146.52,3959.9
7/21/2022,27.78,87.75,25.25,145.4,3998.95
7/22/2022,27.55,87.08,25.33,144.19,3961.63
7/25/2022,28.12,89.98,24.85,148.48,3966.84
7/26/2022,28.07,89.63,24.55,147.32,3921.05
7/27/2022,28.76,91.57,25.64,149.26,4023.61
7/28/2022,28.47,92.64,23.43,150.39,4072.43
7/29/2022,29.38,96.93,23.05,163.78,4130.29
8/1/2022,29.05,94.48,24.02,160.51,4118.63
8/2/2022,29.36,94.07,24.15,159.14,4091.19
8/3/2022,29.69,91.02,23.95,155.36,4155.17
8/4/2022,29.35,87.19,23.65,151.14,4151.94
8/5/2022,29.66,88.45,23.69,153.64,4145.19
8/8/2022,30.16,88.95,22.84,153.41,4140.06
8/9/2022,30.57,90.59,23.37,155.41,4122.47
8/10/2022,30.8,91.45,24.01,155.82,4210.24
8/11/2022,31.42,93.19,23.9,159.62,4207.27
8/12/2022,31.67,94,24.1,159.85,4280.15
8/15/2022,30.96,92.32,23.79,156.81,4297.14
8/16/2022,30.93,91.46,24,156.41,4305.2
8/17/2022,31.29,92.2,24.38,157.7,4274.04
8/18/2022,31.92,94.38,24.8,159.02,4283.74
8/19/2022,31.51,94.08,25.17,157.69,4228.48
8/22/2022,31.71,94.01,25.35,156.9,4137.99
8/23/2022,32.55,98,25.96,161.99,4128.73
8/24/2022,32.29,98.58,25.52,163.19,4140.77
8/25/2022,32.67,99.09,25.94,164.62,4199.12
8/26/2022,32.33,97.87,25.94,163.41,4057.66
8/29/2022,32.47,100.12,25.32,164.63,4030.61
8/30/2022,31.42,96.31,25.52,160.62,3986.16
8/31/2022,30.84,95.59,25.66,158.06,3955
9/1/2022,30.59,93.87,25.83,155.54,3966.85
9/2/2022,31.13,95.59,25.69,157.85,3924.26
9/6/2022,31.13,94.95,26.16,157.12,3908.19
9/7/2022,30.67,94.14,26.2,155.11,3979.87
9/8/2022,30.7,94.91,25.86,155.95,4006.18
9/9/2022,31.69,96.5,25.76,159.97,4067.36
9/12/2022,32.13,97.61,25.85,162.5,4110.41
9/13/2022,31.77,95.33,26.28,159.41,3932.69
9/14/2022,32.08,97.67,26.44,163.27,3946.01
9/15/2022,31.5,94.83,26.57,160.62,3901.35
9/16/2022,31.01,93.21,27.53,156.45,3873.33
9/19/2022,30.9,93.2,27.15,156.9,3899.89
9/20/2022,31,92.44,27.48,156.28,3855.93
9/21/2022,30.52,90.95,27.51,155.01,3789.93
9/22/2022,30.79,90.57,27.91,154.89,3757.99
9/23/2022,28.08,85.75,27.19,144.77,3693.23
9/26/2022,27.26,83.98,26.46,140.96,3655.04
9/27/2022,27.55,85.74,26.37,141.02,3647.29
9/28/2022,28.56,88.86,26.83,145.78,3719.04
9/29/2022,28.75,88.68,27.25,144.77,3640.47
9/30/2022,28.55,87.31,26.88,143.67,3585.62
10/3/2022,30.1,91.92,26.1,151.73,3678.43
10/4/2022,31.28,95.27,26.22,157.63,3790.93
10/5/2022,31.38,99.12,26.52,158.53,3783.28
10/6/2022,31.14,102.06,26.82,161.42,3744.52
10/7/2022,31.08,101.03,26.8,160.03,3639.66
10/10/2022,30.35,98.84,27.1,157.14,3612.39
10/11/2022,29.81,98,26.65,157.17,3588.84
10/12/2022,29.95,98.43,26.22,157.64,3577.03
10/13/2022,31.15,101.87,26.32,165.28,3669.91
10/14/2022,30.33,99.19,26.29,160.14,3583.07
10/17/2022,30.48,100.62,26.8,161.31,3677.95
10/18/2022,30.48,100.8,26.81,162.72,3719.98
10/19/2022,30.9,103.79,24.92,168,3695.16
10/20/2022,30.96,103.93,24.63,168.96,3665.78
10/21/2022,31.36,105.86,25.11,173.19,3752.75
10/24/2022,31.8,106.6,25.27,173.13,3797.34
10/25/2022,32.08,105.88,25.35,174.93,3859.11
10/26/2022,32.31,107.14,25.64,177.09,3830.6
10/27/2022,33.23,107.55,26.46,177.9,3807.3
10/28/2022,33.15,110.7,26.81,179.98,3901.06
10/31/2022,33.28,110.81,27.16,180.9,3871.98
11/1/2022,33.2,111.91,26.31,182.22,3856.1
11/2/2022,32.76,109.61,26.69,178.5,3759.69
11/3/2022,33.04,111.1,26.55,181.13,3719.89
11/4/2022,33.92,112.31,26.2,183.42,3770.55
11/7/2022,34.33,113.64,25.95,185.61,3806.8
11/8/2022,33.73,114,26.69,185.34,3828.11
11/9/2022,32.33,108.9,26.18,177.93,3748.57
11/10/2022,32.95,110.5,26.37,181.3,3956.37
11/11/2022,33.84,113.95,25.9,186.46,3992.93
11/14/2022,33.55,113.37,26.17,186.55,3957.25
11/15/2022,33.91,114.13,26.65,188.05,3991.73
11/16/2022,33.97,112.91,26.83,184.99,3958.79
11/17/2022,34.35,113.06,26.81,184.09,3946.56
11/18/2022,34.04,112.08,26.42,182.99,3965.34
11/21/2022,33.13,110.97,26.57,181.24,3949.94
11/22/2022,34.89,114.18,28.13,185.89,4003.58
11/23/2022,34.98,113.61,28.15,184.24,4027.26
11/25/2022,35.27,113.21,27.97,183.7,4026.12
11/28/2022,34.73,109.81,28.51,178.36,3963.94
11/29/2022,35.31,110.54,28.2,181.03,3957.63
11/30/2022,35.9,111.34,28.57,183.31,4080.11
12/1/2022,35.72,110.8,28.79,182.49,4076.57
12/2/2022,35.36,109.86,28.69,181.03,4071.7
12/5/2022,35,106.85,28,176.56,3998.84
12/6/2022,34.37,103.88,27.11,172.01,3941.26
12/7/2022,33.91,103.65,26.58,172.52,3933.92
12/8/2022,33.93,104.42,26.92,173.54,3963.51
12/9/2022,33.71,103.54,26.75,168,3934.38
12/12/2022,34.1,106.09,27.22,169.75,3990.56
12/13/2022,35.01,107.25,27.07,173.53,4019.65
12/14/2022,34.8,106.46,27,172.33,3995.32
12/15/2022,34.28,105.44,26.97,171.04,3895.75
12/16/2022,33.68,104.7,26.19,168.72,3852.36
12/19/2022,33.95,105.17,27.5,169.88,3817.66
12/20/2022,34.08,106.69,27.41,172.67,3821.62
12/21/2022,35.03,108.06,27.29,174.7,3878.44
12/22/2022,34.41,105.88,27.52,172.08,3822.39
12/23/2022,35.01,108.68,27.32,177.4,3844.82
12/27/2022,35.04,110.19,27.8,179.63,3829.25
12/28/2022,34.58,108.38,28.27,176.98,3783.22
12/29/2022,34.7,109.2,27.82,178.32,3849.28
12/30/2022,34.93,110.3,27.64,179.49,3839.5
1/3/2023,34.32,106.51,27.56,173.99,3824.14
1/4/2023,33.78,106.82,27.44,172.14,3852.97
1/5/2023,33.9,109.21,26.91,175.24,3808.1
1/6/2023,34.46,110.53,26.83,176.56,3895.08
1/9/2023,34.77,108.47,26.69,175.18,3892.09
1/10/2023,34.85,110.09,26.74,176.04,3919.25
1/11/2023,35.04,111.37,27,175.2,3969.61
1/12/2023,35.31,113.22,26.78,177.08,3983.17
1/13/2023,35.56,113.15,26.33,177.56,3999.09
1/17/2023,35.69,112.93,25.78,180.49,3990.97
1/18/2023,35.34,110.61,26.31,177.23,3928.86
1/19/2023,35.54,111.32,26.49,179,3898.85
1/20/2023,35.5,113.35,26.94,180.9,3972.61
1/23/2023,35.58,112.76,26.84,180.66,4019.81
1/24/2023,35.29,113.81,27.06,180.83,4016.95
1/25/2023,35.24,113.21,27.19,179.08,4016.22
1/26/2023,36.25,117.76,26.78,187.79,4060.43
1/27/2023,36.32,115.61,26.75,179.45,4070.56
1/30/2023,36.17,113.56,26.48,174.2,4017.77
1/31/2023,36.23,116.01,27.21,174.02,4076.6
2/1/2023,36.44,114.74,27.01,171.36,4119.21
2/2/2023,35.2,111.15,26.05,169.01,4179.76
2/3/2023,35.15,111.92,26.27,169.45,4136.48
2/6/2023,34.84,111.73,26.81,169.64,4111.08
2/7/2023,37.75,114.92,27.09,174.09,4164
2/8/2023,38.65,113.92,27.03,170,4117.86
2/9/2023,39.55,114.35,27.3,168.44,4081.5
2/10/2023,40.65,119.17,27.46,171.97,4090.46
2/13/2023,40.61,117.8,27.57,171.01,4137.29
2/14/2023,41.02,116.42,27.38,172.32,4136.13
2/15/2023,40.88,116.07,27.5,169.01,4147.6
2/16/2023,40.95,115.73,27.49,166.57,4090.41
2/17/2023,40.02,111.28,27.04,162.85,4079.09
2/21/2023,39.77,111.17,27.02,161,3997.34
2/22/2023,38.93,109.73,27.01,160.35,3991.05
2/23/2023,39.68,110.74,26.72,161.93,4012.32
2/24/2023,39.7,110.75,26.55,162.41,3970.04
2/27/2023,40.22,110.55,26.69,162.82,3982.24
2/28/2023,39.6,109.91,27.1,160.77,3970.15
3/1/2023,39.93,110.89,27.05,162.05,3951.39
3/2/2023,40.26,111.4,26.97,162.56,3981.35
3/3/2023,40.22,112.81,26.76,164.96,4045.64
3/6/2023,40.42,113.81,26.3,166.17,4048.42
3/7/2023,39.8,111.61,26.9,164.03,3986.37
3/8/2023,39.66,109.98,26.85,162.99,3992.01
3/9/2023,39.34,109.13,27.6,160.51,3918.32
3/10/2023,39.01,107.78,27.55,159.67,3861.59
3/13/2023,38.01,106.54,27.9,158.71,3855.76
3/14/2023,38.25,106.94,28.7,160.76,3919.29
3/15/2023,35.85,101.62,28.8,153.8,3891.93
3/16/2023,35.62,101.03,29.03,154.29,3960.28
3/17/2023,35.17,99.84,29.02,152.34,3916.64
3/20/2023,35.8,102.45,29.12,154.58,3951.57
3/21/2023,37.02,107.04,28.58,159.31,4002.87
3/22/2023,36.82,104.59,28.46,156.07,3936.97
3/23/2023,36.48,103.41,28.27,154.52,3948.72
3/24/2023,35.88,103.53,27.85,156.06,3970.99
3/27/2023,36.88,105.8,28.23,157.65,3977.53
3/28/2023,37.43,107.12,28.3,159.49,3971.27
3/29/2023,37.69,108.96,28.82,160.86,4027.81
3/30/2023,37.98,109.49,28.85,162.39,4050.83
3/31/2023,37.94,109.66,28.86,163.16,4109.31
4/3/2023,39.74,116.13,29.36,169.95,4124.51
4/4/2023,39.33,115.02,29.15,169.04,4100.6
4/5/2023,39.89,116.99,29.28,169.88,4090.38
4/6/2023,39.51,115.05,29.12,167.65,4105.02
4/10/2023,39.7,114.54,29.07,168.29,4109.11
4/11/2023,39.86,115.35,29,169.22,4108.94
4/12/2023,40.2,115.23,28.83,169.82,4091.95
4/13/2023,40.46,115.77,27.65,172.09,4146.22
4/14/2023,40.58,116.05,28.05,172.44,4137.64
4/17/2023,40.43,114.7,25.84,170.92,4151.32
4/18/2023,40.65,116.94,25.32,170.52,4154.87
4/19/2023,40.06,116.57,25.37,170.68,4154.52
4/20/2023,39.86,115.64,25.69,169.85,4129.79
4/21/2023,39.64,116.01,26.29,169.12,4133.52
4/24/2023,40.1,118.2,26.44,171.48,4137.04
4/25/2023,39.57,116.52,25.95,168.99,4071.63
4/26/2023,39.42,115.45,25.24,165.98,4055.99
4/27/2023,39.34,116.83,25.54,166.95,4135.35
4/28/2023,40.28,118.34,25.94,168.58,4169.48
5/1/2023,40.01,114.67,26.33,167.24,4167.87
5/2/2023,36.78,110.1,26.47,160.04,4119.58
5/3/2023,36.46,107.93,26.49,156.83,4090.75
5/4/2023,36.11,106.04,27.57,156.22,4061.22
5/5/2023,37.13,108.68,27.13,160.21,4136.25
5/8/2023,37.03,109.11,27.26,159.58,4138.12
5/9/2023,36.99,109.14,27.73,159.12,4119.17
5/10/2023,36.75,107.74,27.87,157.09,4137.64
5/11/2023,35.97,105.79,27.95,156.22,4130.62
5/12/2023,35.81,105.78,27.96,156.62,4124.08
5/15/2023,36.19,105.07,28.08,157.2,4136.28
5/16/2023,35.54,102.52,28.02,153.51,4109.9
5/17/2023,36,104.82,28.17,155.71,4158.77
5/18/2023,35.96,105.77,28.09,154.01,4198.05
5/19/2023,36.03,106.26,27.95,155.23,4191.98
5/22/2023,35.89,104.97,27.93,152.44,4192.63
5/23/2023,36.18,106.4,28.04,156.85,4145.58
5/24/2023,36.04,107.59,27.66,157.27,4115.24
5/25/2023,35.36,105.66,27.73,154.56,4151.28
5/26/2023,35.55,104.97,27.47,154.08,4205.45
5/30/2023,34.99,104.04,28.09,153.12,4205.52
5/31/2023,33.71,102.18,26.78,150.62,4179.83
6/1/2023,34.72,103.36,26.58,152.16,4221.02
6/2/2023,35.65,105.76,26.97,156.26,4282.37
6/5/2023,35.34,105.29,27.64,155.51,4273.79
6/6/2023,35.3,106.15,27.77,155.79,4283.85
6/7/2023,35.71,108.53,27.64,159.83,4267.52
6/8/2023,35.81,108.19,27.78,159.24,4293.93
6/9/2023,35.47,107.39,27.63,158.86,4298.86
6/12/2023,34.77,106.42,27.89,157.33,4338.93
6/13/2023,35.08,106.44,27.99,158.51,4369.01
6/14/2023,35.05,105.16,27.69,157.09,4372.59
6/15/2023,35.38,105.89,27.89,158.28,4425.84
6/16/2023,35.35,105.13,27.85,157.26,4409.59
6/20/2023,35.07,102.72,27.96,153.68,4388.71
6/21/2023,35.43,103.87,27.82,154.88,4365.69
6/22/2023,35.24,103.3,28.12,152.64,4381.89
6/23/2023,34.81,102.4,27.79,151.35,4348.33
6/26/2023,35.24,104.29,27.17,154.01,4328.82
6/27/2023,34.85,104.55,27.38,153.53,4378.41
6/28/2023,34.89,105.4,27.46,154.92,4376.86
6/29/2023,34.97,106.7,26.71,156.24,4396.44
6/30/2023,35.29,107.25,26.19,157.35,4450.38
7/3/2023,35.93,107.46,26.57,157.21,4455.59
7/5/2023,35.3,106.91,26.98,156.31,4446.82
7/6/2023,34.79,102.92,26.88,152.88,4411.59
7/7/2023,35.25,103.16,26.78,154.22,4398.95
7/10/2023,35.21,104.69,27.07,155.25,4409.53
7/11/2023,35.91,105.97,27.25,158.12,4439.26
7/12/2023,36.31,106.49,27.23,159.64,4472.16
7/13/2023,36.53,104.54,26.85,157.51,4510.04
7/14/2023,35.52,100.94,27.14,153.58,4505.42
7/17/2023,35.32,101.38,27.33,153.44,4522.79
7/18/2023,35.79,100.92,27.62,153.75,4554.98
7/19/2023,36.15,101.62,27.75,154.69,4565.72
7/20/2023,36.54,103.41,27.76,156.4,4534.87
7/21/2023,36.7,103.89,27.47,158.69,4536.34
7/24/2023,37.18,105.52,27.85,161.82,4554.64
7/25/2023,37.23,105.68,27.5,162.56,4567.46
7/26/2023,37.1,105.09,27.41,161.34,4566.75
7/27/2023,36.66,105.42,27.62,159.66,4537.41
7/28/2023,36.71,104.16,27.33,158.87,4582.23
7/31/2023,37.3,107.24,27.28,163.66,4588.96
8/1/2023,36.96,106.62,27.33,162.3,4576.73
8/2/2023,36.03,105.29,27.6,159.73,4513.39
8/3/2023,36.46,107.12,27.95,159.67,4501.89
8/4/2023,36.8,107.42,28.07,159.31,4478.03
8/7/2023,37.04,107.2,27.56,159.89,4518.44
8/8/2023,36.97,107.73,26.81,159.65,4499.38
8/9/2023,37.42,109.56,27.1,159.86,4467.71
8/10/2023,37.08,110.12,27.27,160.83,4468.83
8/11/2023,37.1,111.83,27.58,164.15,4464.05
8/14/2023,36.68,111.92,27.83,164.03,4489.72
8/15/2023,36.07,108.16,27.78,159.24,4437.86
8/16/2023,35.89,106.34,27.34,158.63,4404.33
8/17/2023,36.09,108.4,27.23,159.75,4370.36
8/18/2023,36.24,110.04,27.35,160.9,4369.71
8/21/2023,36.58,108.71,27.57,160.36,4399.77
8/22/2023,36.37,108.1,27.96,159.04,4387.55
8/23/2023,36,107.15,28.21,159.25,4436.01
8/24/2023,35.77,106.35,28.58,157.94,4376.31
8/25/2023,36.15,108.25,28.4,159.12,4405.71
8/28/2023,36.64,109.16,28.34,160.21,4433.31
8/29/2023,37.1,109.81,28.04,159.96,4497.63
8/30/2023,37.29,110.88,27.69,160.18,4514.87
8/31/2023,37.18,111.19,27.99,161.1,4507.66
9/1/2023,38.13,113.52,27.75,164.3,4515.77
9/5/2023,38.4,113.53,27.35,166.46,4496.83
9/6/2023,38.83,114.51,27.58,166.63,4465.48
9/7/2023,38.51,113.95,28.06,166.64,4451.14
9/8/2023,38.67,115.61,28,167.21,4457.49
9/11/2023,38.61,114.16,27.95,163.76,4487.46
9/12/2023,38.1,117.49,28.52,166.81,4461.9
9/13/2023,38.26,116.44,28.49,166.2,4467.44
9/14/2023,39.1,118.52,28.39,167.23,4505.1
9/15/2023,38.75,116.7,28.22,166.5,4450.32
9/18/2023,38.56,117.64,28.01,167.22,4453.53
9/19/2023,38.82,117.33,27.97,167.2,4443.95
9/20/2023,38.62,116.4,28.14,166.69,4402.2
9/21/2023,38.11,114.76,28.05,165.19,4330
9/22/2023,38.44,114.94,28.14,166.28,4320.06
9/25/2023,38.75,116.23,28.2,168.71,4337.44
9/26/2023,38.64,116.41,27.97,167.8,4273.53
9/27/2023,39.48,120.2,28.03,171.04,4274.51
9/28/2023,39.43,119.47,28.15,170.59,4299.7
9/29/2023,38.72,117.58,28.39,168.62,4288.05
10/2/2023,37.82,115.63,28.39,166.54,4288.39
10/3/2023,37.6,115.83,28.49,166.93,4229.45
10/4/2023,36.31,111.5,28.56,163.04,4263.75
10/5/2023,36.41,108.99,28.97,163.9,4258.19
10/6/2023,37.27,107.17,28.99,162.23,4308.5
10/9/2023,38.38,110.92,29.37,166.72,4335.66
10/10/2023,38.62,110.45,29.44,166.54,4358.24
10/11/2023,38.65,106.49,29.56,161.1,4376.95
10/12/2023,39.29,106.47,29.55,161.23,4349.61
10/13/2023,40.01,109.87,29.65,164.06,4327.78
10/16/2023,40.22,109.95,29.82,165.4,4373.63
10/17/2023,40.81,111.39,29.71,167.59,4373.2
10/18/2023,40.72,112.95,30.4,168.92,4314.6
10/19/2023,40.33,113.02,30.39,169.1,4278
10/20/2023,39.61,111.08,30.43,166.83,4224.16
10/23/2023,38.9,109.45,30.7,160.68,4217.04
10/24/2023,38.79,108.39,30.39,156.65,4247.68
10/25/2023,39.06,108.59,30.33,155.87,4186.77
10/26/2023,38.82,107.6,30.42,154.75,4137.23
10/27/2023,38.64,105.55,30.44,144.35,4117.37
10/30/2023,38.35,105.88,30.34,146.09,4166.82
10/31/2023,36.58,105.85,30.78,145.73,4193.8
11/1/2023,36.09,105.64,31.15,143.98,4237.86
11/2/2023,36.86,109.11,30.51,148.76,4317.78
11/3/2023,36.2,107.78,30.23,147.61,4358.34
11/6/2023,36.3,105.87,30.17,147,4365.98
11/7/2023,35.47,104.21,29.55,144.41,4378.38
11/8/2023,34.9,102.93,29.68,142.4,4382.78
11/9/2023,34.68,102.96,30.26,141.94,4347.35
11/10/2023,35.08,103.75,31.12,142.95,4415.24
,,,31.24,,
,,,31.09,,
,,,31.48,,
,,,31.9,,
,,,32.2,,
,,,32.33,,
,,,32.42,,
,,,32.18,,
,,,31.77,,
,,,31.79,,
,,,31.63,,
,,,31.62,,
,,,31.37,,
,,,31.41,,
,,,31.2,,
,,,30.84,,
,,,31.04,,
,,,32.23,,
,,,31.01,,
,,,31.27,,
,,,30.67,,
,,,30.28,,
,,,30.44,,
,,,30.52,,
